subject_id,n_train_points,tau_decay_steps,tau_decay_minutes,tau_int_steps,tau_int_minutes
540,11950,23.512668428189027,117.56334214094514,47.03242502005806,235.16212510029027
544,10623,27.684365436975185,138.42182718487592,55.37475098818509,276.87375494092544
552,9086,27.403026652894894,137.01513326447446,54.81213522403029,274.06067612015147
559,10797,20.89124637293866,104.45623186469331,41.79047026428253,208.95235132141266
563,12127,25.384654497808135,126.92327248904067,50.77587447225373,253.87937236126868
567,10865,20.561376337607555,102.80688168803778,41.130858168440895,205.6542908422045
570,10983,47.18965439153915,235.94827195769574,94.38284060422517,471.91420302112584
575,11876,19.21381922630641,96.06909613153205,38.436312373233136,192.18156186616568
584,12165,29.968045296241268,149.84022648120634,59.94165196867835,299.7082598433918
588,12640,31.49938216740925,157.49691083704624,63.004055355012575,315.0202767750629
591,10848,24.554732405963843,122.77366202981922,49.11625218215839,245.58126091079197
596,10879,23.956603210951275,119.78301605475637,47.920163244010425,239.60081622005214
