subject_index,n_windows,interval_80_coverage_pct,lower_q10_coverage_pct,conditional_below80_coverage_pct,interval_width,pinball_loss,crps
0,2423,76.8881551795295,8.873297565002064,82.6086956521739,43.61993,4.966825,11.30292
1,2365,85.1585623678647,8.752642706131079,87.90322580645162,41.18442,3.7182739,8.432815
2,1806,80.73089700996677,7.2535991140642295,79.71014492753623,37.750973,3.852741,8.785461
3,1937,81.98244708311823,8.053691275167784,81.34328358208955,38.382034,4.068788,9.072399
4,2420,79.29752066115702,6.446280991735537,76.78571428571429,39.812305,4.31127,9.731991
5,1754,80.72976054732041,7.924743443557583,95.93908629441624,42.03103,4.575356,10.308983
6,2239,86.60116123269317,5.94015185350603,66.66666666666666,41.458687,3.6828125,8.2359295
7,2113,74.91717936583058,12.541410317084715,79.46428571428571,36.72561,4.938705,11.038673
8,1869,75.92295345104334,15.248796147672552,21.27659574468085,44.656944,5.194176,11.743664
9,2632,76.78571428571429,10.448328267477205,58.333333333333336,37.282253,4.1161904,9.325057
10,2579,73.47809228383095,14.03644823575029,61.50627615062761,40.016853,4.8157983,10.879483
11,2361,81.61795849216433,7.835662854722575,62.30769230769231,37.049397,3.6446197,8.210467
