model,horizon_min,mae_mean,mae_sd,rmse_mean,rmse_sd
Persistence,30,16.87,1.92,23.37,2.87
Persistence,60,28.22,3.24,38.15,4.39
Persistence,90,36.55,4.0,48.69,5.56
Persistence,120,42.9,4.46,56.43,6.13
Bergman ODE (pop.),30,29.7,9.67,39.67,12.67
Bergman ODE (pop.),60,43.71,12.84,57.08,16.1
Bergman ODE (pop.),90,52.79,14.86,67.92,18.06
Bergman ODE (pop.),120,58.91,15.68,74.96,18.8
Bergman ODE (fitted),30,25.8,8.36,34.72,10.45
Bergman ODE (fitted),60,38.09,9.56,50.41,11.78
Bergman ODE (fitted),90,46.46,11.45,60.59,13.88
Bergman ODE (fitted),120,52.48,12.63,67.62,14.93
AR(6),30,14.39,1.52,20.11,2.65
AR(6),60,25.52,2.9,33.88,3.9
AR(6),90,33.91,3.84,44.02,4.88
AR(6),120,39.81,4.33,50.98,5.48
ARX(6),30,13.97,1.51,19.61,2.76
ARX(6),60,24.48,2.86,32.67,3.98
ARX(6),90,32.41,3.79,42.23,4.88
ARX(6),120,38.0,4.29,48.87,5.47
LSTM (non-mech),30,15.41,2.16,21.46,2.83
LSTM (non-mech),60,26.08,3.87,35.24,4.56
LSTM (non-mech),90,33.59,4.77,44.97,5.76
LSTM (non-mech),120,38.81,5.3,51.54,6.63
Transformer (non-mech),30,14.96,1.82,21.08,2.55
Transformer (non-mech),60,26.06,3.15,35.56,4.15
Transformer (non-mech),90,34.46,3.81,46.08,5.11
Transformer (non-mech),120,40.06,4.09,53.03,5.63
"Transformer (all features, A0)",30,13.51,1.63,19.38,2.41
"Transformer (all features, A0)",60,22.82,2.88,31.61,3.71
"Transformer (all features, A0)",90,29.74,3.74,40.32,4.71
"Transformer (all features, A0)",120,34.93,4.2,46.7,5.24
"Digital Twin (Hybrid, A7)",30,13.25,1.69,19.16,2.52
"Digital Twin (Hybrid, A7)",60,22.29,2.93,31.13,3.87
"Digital Twin (Hybrid, A7)",90,28.77,3.75,39.46,4.88
"Digital Twin (Hybrid, A7)",120,33.38,4.21,45.14,5.43
