threshold,sens_q05,prec_q05,sens_q10,prec_q10,sens_q20,prec_q20,sens_med,prec_med
50.0,0.8235294117647058,0.07142857142857142,0.6666666666666666,0.09883720930232558,0.3333333333333333,0.1,0.058823529411764705,0.13043478260869565
51.0,0.8421052631578947,0.07418856259659969,0.6842105263157895,0.1,0.38596491228070173,0.11055276381909548,0.07017543859649122,0.12903225806451613
52.0,0.8307692307692308,0.07692307692307693,0.6923076923076923,0.10067114093959731,0.47692307692307695,0.13777777777777778,0.1076923076923077,0.175
53.0,0.8734177215189873,0.08949416342412451,0.7088607594936709,0.11155378486055777,0.4936708860759494,0.15294117647058825,0.1518987341772152,0.23076923076923078
54.0,0.8979591836734694,0.10451306413301663,0.7551020408163265,0.13309352517985612,0.5714285714285714,0.19047619047619047,0.1836734693877551,0.2647058823529412
55.0,0.9316239316239316,0.11847826086956521,0.7606837606837606,0.14590163934426228,0.5982905982905983,0.20958083832335328,0.18803418803418803,0.27848101265822783
56.0,0.9389312977099237,0.12324649298597194,0.8015267175572519,0.1600609756097561,0.6564885496183206,0.22631578947368422,0.2366412213740458,0.3163265306122449
57.0,0.9294117647058824,0.1464318813716404,0.8117647058823529,0.19008264462809918,0.6823529411764706,0.2761904761904762,0.3,0.42857142857142855
58.0,0.925,0.1575809199318569,0.83,0.21254801536491677,0.685,0.29273504273504275,0.33,0.4888888888888889
59.0,0.9409282700421941,0.17600631412786108,0.8312236286919831,0.2296037296037296,0.70042194092827,0.31144465290806755,0.3333333333333333,0.5197368421052632
60.0,0.9377289377289377,0.18782098312545856,0.8388278388278388,0.24676724137931033,0.717948717948718,0.33220338983050846,0.3663003663003663,0.5494505494505495
61.0,0.932258064516129,0.2011134307585247,0.8516129032258064,0.264,0.7129032258064516,0.34968354430379744,0.36451612903225805,0.5305164319248826
62.0,0.9511494252873564,0.21286173633440514,0.8706896551724138,0.27520435967302453,0.7183908045977011,0.3687315634218289,0.40229885057471265,0.5622489959839357
63.0,0.9516539440203562,0.22652937613567534,0.8854961832061069,0.2914572864321608,0.7353689567430025,0.39319727891156464,0.3944020356234097,0.5636363636363636
64.0,0.9516129032258065,0.23573059360730594,0.9147465437788018,0.3056197074672825,0.7649769585253456,0.4043848964677223,0.423963133640553,0.5897435897435898
65.0,0.9580712788259959,0.24347362812999468,0.9140461215932913,0.315028901734104,0.7756813417190775,0.4152637485970819,0.4591194968553459,0.6169014084507042
66.0,0.9548872180451128,0.25374625374625376,0.9116541353383458,0.3292600135777325,0.7969924812030075,0.4389233954451346,0.4793233082706767,0.6439393939393939
67.0,0.9578414839797639,0.2675459255770137,0.9156829679595279,0.34301958307012004,0.8094435075885329,0.45757864632983797,0.4957841483979764,0.6712328767123288
68.0,0.9598145285935085,0.27224901359053044,0.919629057187017,0.35082547169811323,0.8129829984544049,0.46631205673758863,0.5162287480680062,0.697286012526096
69.0,0.9590643274853801,0.27163561076604553,0.9108187134502924,0.34438916528468766,0.827485380116959,0.45682001614205003,0.543859649122807,0.7072243346007605
70.0,0.9642857142857143,0.27304550758459745,0.9175824175824175,0.347012987012987,0.8324175824175825,0.452914798206278,0.5508241758241759,0.6986062717770035
71.0,0.9615384615384616,0.27593818984547464,0.9243589743589744,0.35,0.841025641025641,0.45587213342599026,0.5717948717948718,0.7012578616352201
72.0,0.9634864546525324,0.28521617852161785,0.9269729093050648,0.35740236148955495,0.8586572438162544,0.47093023255813954,0.5901060070671378,0.7250361794500724
73.0,0.961248654467169,0.29384666008555443,0.9246501614639397,0.3680377035132819,0.852529601722282,0.4835164835164835,0.5941872981700753,0.7340425531914894
74.0,0.9596456692913385,0.3045923149015933,0.9251968503937008,0.38102959059586544,0.8494094488188977,0.4937070938215103,0.5984251968503937,0.7316486161251504
75.0,0.9579524680073126,0.3125559200715777,0.9250457038391224,0.38670233091325945,0.8464351005484461,0.49758194519075766,0.6069469835466179,0.7328918322295805
76.0,0.9590093936806149,0.31985189404728,0.9257045260461144,0.3900683699172364,0.8488471391972673,0.498745609633718,0.6088812980358668,0.7260692464358453
77.0,0.9617529880478087,0.32843537414965984,0.9274900398406375,0.3968632799181725,0.850199203187251,0.5023540489642184,0.6095617529880478,0.7149532710280374
78.0,0.9648991784914115,0.3351491569390402,0.9283047050037341,0.4018752020691885,0.8536221060492906,0.5013157894736842,0.614637789395071,0.7113223854796888
79.0,0.9658298465829847,0.3439284827414949,0.9337517433751743,0.41098833640270105,0.8584379358437936,0.5061677631578947,0.6178521617852162,0.7127916331456154
80.0,0.9674267100977199,0.35543322163714697,0.9355048859934854,0.41878098571011957,0.867100977198697,0.5166925465838509,0.6254071661237784,0.7228915662650602
81.0,0.9652439024390244,0.36191129401005945,0.9384146341463414,0.4286908077994429,0.876219512195122,0.5257958287596048,0.6341463414634146,0.7303370786516854
82.0,0.9649827784156142,0.3680753229691263,0.936280137772675,0.4338919925512104,0.8719862227324914,0.5322354590049054,0.6423650975889782,0.7318508829300197
83.0,0.9623047926763597,0.3757359125315391,0.9369951534733441,0.44173648134044174,0.8777598276790523,0.5388429752066116,0.654281098546042,0.7399512789281364
84.0,0.9623792577529232,0.3832759667948977,0.9430604982206405,0.45068027210884354,0.8830706659888155,0.5460546997799434,0.6624300965937977,0.735742518351214
85.0,0.9639551875304433,0.38720406965368814,0.9444715051144666,0.45250875145857644,0.8865075499269361,0.5480277024992473,0.6770579639551876,0.7377919320594479
86.0,0.9657846715328468,0.4002647003214218,0.9443430656934306,0.4654823476501012,0.8918795620437956,0.5593705293276109,0.6856751824817519,0.7533834586466165
87.0,0.968763557483731,0.40904927642425354,0.9453362255965293,0.473695652173913,0.8989154013015185,0.5610614676414839,0.7036876355748373,0.7611450023463163
88.0,0.972507180960197,0.4202872849796063,0.9495281083299139,0.4824854045037531,0.9068526877308166,0.5723905723905723,0.7115305703734099,0.7659010600706714
89.0,0.9726669269816478,0.42719945120905506,0.9515814135103475,0.4871077353587847,0.9129246388129637,0.580004961548003,0.721983600156189,0.7624742268041237
90.0,0.9733683420855214,0.4338014042126379,0.9523630907726932,0.4915779283639884,0.9152288072018004,0.5816448152562574,0.7348087021755438,0.7595967429236138
91.0,0.9742120343839542,0.4404858299595142,0.9534383954154728,0.4982219726745274,0.9158309455587392,0.5847244454607821,0.7414040114613181,0.7601909658464928
92.0,0.9751192910702113,0.44977204842005974,0.9573960463531016,0.5093381686310063,0.9171779141104295,0.5926007487337591,0.7481254260395365,0.7645419714385232
93.0,0.9767898005884276,0.4569506040679003,0.9594638770840144,0.516725352112676,0.9225237005557372,0.6000425260472039,0.7577639751552795,0.7716378162450066
94.0,0.9759900218272529,0.4656352276108301,0.960710944808232,0.5271171941830625,0.9229809791082008,0.6061847225066558,0.7639538509510446,0.7758074730842305
95.0,0.9772045590881824,0.4725848563968668,0.9604079184163168,0.5275123558484349,0.9247150569886022,0.6094089741055545,0.7732453509298141,0.7772083207717817
96.0,0.9769916594765603,0.4804809052333805,0.9605982168536095,0.535170645729851,0.9226344549899339,0.6147949405902645,0.7753810756399194,0.7782909930715936
97.0,0.9770401106500691,0.48717241379310344,0.9609958506224067,0.5416276894293732,0.927524204702628,0.6225399183067212,0.7817427385892116,0.7795862068965517
98.0,0.9774236387782205,0.4946901465250706,0.9633466135458167,0.5502123786407767,0.9301460823373174,0.627711059329629,0.7941567065073041,0.7885021097046413
99.0,0.9787615148413511,0.5026941779471679,0.9651995905834186,0.5565063440542933,0.9334698055271239,0.6350974930362117,0.8062947799385876,0.7979235249430235
100.0,0.9813405352320157,0.5127645926876203,0.9653817824699239,0.565674003740469,0.9349373925853179,0.6424835498565885,0.8072673704885833,0.7984458474987858
101.0,0.9815209665955935,0.517875,0.9651741293532339,0.5717894736842105,0.9384032219853116,0.6471164842346022,0.8099976308931532,0.8003277153558053
102.0,0.9839743589743589,0.5232529827124421,0.9661172161172161,0.578161391971503,0.9386446886446886,0.6531782698741437,0.8166208791208791,0.8001345895020189
103.0,0.9833629103815439,0.5265470958546146,0.9685004436557232,0.5836118166020585,0.9396628216503993,0.654107473749228,0.8225377107364685,0.8015564202334631
104.0,0.9827882960413081,0.5301148891725659,0.9688037865748709,0.5889353910541459,0.9395438898450946,0.6579780021093867,0.8261617900172117,0.8
105.0,0.983125,0.5353374929098128,0.9691666666666666,0.594276954522228,0.94125,0.6636310223266745,0.83375,0.8044221105527638
106.0,0.9836495761001212,0.5407834868494062,0.9691158659668955,0.5966198583322978,0.9418651594670973,0.6664762176831881,0.8373031893419459,0.8041876696393951
107.0,0.9857142857142858,0.5453069178304645,0.9716242661448141,0.6012351658997336,0.9430528375733855,0.6707028531663187,0.8412915851272016,0.8108261033572237
108.0,0.9871528433780464,0.5523255813953488,0.9737389004345361,0.6094359702021993,0.9440770829397317,0.6780189959294437,0.845267334215001,0.8167214311792625
109.0,0.9873834339001646,0.5598175409496164,0.9736697750959956,0.6170336037079953,0.9460596087036022,0.6840296139608673,0.8453099286889743,0.8190999291282778
110.0,0.9864984899626932,0.5640426612493652,0.9745958429561201,0.620658445525512,0.9470598685379286,0.6887596899224806,0.8495292236631728,0.8217906856848256
